timestamp,container_id,temperature,location
2025-07-28 14:23:43.498849,C2,8.42,Hyderabad
2025-07-28 14:18:43.498849,C5,3.44,Hyderabad
2025-07-28 14:13:43.498849,C3,11.72,Hyderabad
2025-07-28 14:08:43.498849,C5,7.38,Hyderabad
2025-07-28 14:03:43.498849,C1,1.23,Mumbai
2025-07-28 13:58:43.498849,C1,11.99,Mumbai
2025-07-28 13:53:43.498849,C4,8.15,Mumbai
2025-07-28 13:48:43.498849,C1,0.05,Chennai
2025-07-28 13:43:43.498849,C5,5.35,Chennai
2025-07-28 13:38:43.498849,C3,1.08,Hyderabad
2025-07-28 13:33:43.498849,C4,8.86,Hyderabad
2025-07-28 13:28:43.498849,C1,6.72,Hyderabad
2025-07-28 13:23:43.498849,C4,10.7,Bangalore
2025-07-28 13:18:43.498849,C1,2.82,Hyderabad
2025-07-28 13:13:43.498849,C3,11.25,Hyderabad
2025-07-28 13:08:43.498849,C1,3.81,Chennai
2025-07-28 13:03:43.498849,C3,6.16,Bangalore
2025-07-28 12:58:43.498849,C2,8.81,Mumbai
2025-07-28 12:53:43.498849,C2,3.37,Chennai
2025-07-28 12:48:43.498849,C5,5.25,Hyderabad
2025-07-28 12:43:43.498849,C1,11.21,Bangalore
2025-07-28 12:38:43.498849,C3,11.75,Mumbai
2025-07-28 12:33:43.498849,C5,11.8,Bangalore
2025-07-28 12:28:43.498849,C3,9.45,Mumbai
2025-07-28 12:23:43.498849,C4,1.96,Mumbai
2025-07-28 12:18:43.498849,C1,10.13,Chennai
2025-07-28 12:13:43.498849,C2,4.32,Chennai
2025-07-28 12:08:43.498849,C3,11.84,Mumbai
2025-07-28 12:03:43.498849,C3,10.86,Mumbai
2025-07-28 11:58:43.498849,C5,7.42,Mumbai
2025-07-28 11:53:43.498849,C3,0.45,Mumbai
2025-07-28 11:48:43.498849,C1,5.43,Hyderabad
2025-07-28 11:43:43.498849,C5,7.67,Hyderabad
2025-07-28 11:38:43.498849,C3,11.86,Bangalore
2025-07-28 11:33:43.498849,C2,1.82,Chennai
2025-07-28 11:28:43.498849,C1,1.42,Chennai
2025-07-28 11:23:43.498849,C3,8.63,Bangalore
2025-07-28 11:18:43.498849,C2,0.93,Bangalore
2025-07-28 11:13:43.498849,C3,2.25,Mumbai
2025-07-28 11:08:43.498849,C4,0.18,Hyderabad
2025-07-28 11:03:43.498849,C3,5.74,Hyderabad
2025-07-28 10:58:43.498849,C3,1.03,Mumbai
2025-07-28 10:53:43.498849,C3,7.8,Mumbai
2025-07-28 10:48:43.498849,C2,6.57,Bangalore
2025-07-28 10:43:43.498849,C5,9.29,Bangalore
2025-07-28 10:38:43.498849,C5,11.02,Bangalore
2025-07-28 10:33:43.498849,C3,4.12,Bangalore
2025-07-28 10:28:43.498849,C3,9.1,Chennai
2025-07-28 10:23:43.498849,C1,5.61,Mumbai
2025-07-28 10:18:43.498849,C4,3.96,Chennai
2025-07-28 10:13:43.498849,C3,6.43,Chennai
2025-07-28 10:08:43.498849,C1,3.7,Mumbai
2025-07-28 10:03:43.498849,C2,7.34,Bangalore
2025-07-28 09:58:43.498849,C1,2.75,Hyderabad
2025-07-28 09:53:43.498849,C5,7.79,Bangalore
2025-07-28 09:48:43.498849,C4,2.63,Chennai
2025-07-28 09:43:43.498849,C4,10.07,Chennai
2025-07-28 09:38:43.498849,C3,1.84,Mumbai
2025-07-28 09:33:43.498849,C3,9.95,Hyderabad
2025-07-28 09:28:43.498849,C1,2.64,Hyderabad
2025-07-28 09:23:43.498849,C3,6.36,Mumbai
2025-07-28 09:18:43.498849,C3,11.79,Hyderabad
2025-07-28 09:13:43.498849,C2,5.2,Bangalore
2025-07-28 09:08:43.498849,C5,1.35,Chennai
2025-07-28 09:03:43.498849,C4,11.66,Mumbai
2025-07-28 08:58:43.498849,C4,4.23,Hyderabad
2025-07-28 08:53:43.498849,C4,2.0,Bangalore
2025-07-28 08:48:43.498849,C5,5.05,Chennai
2025-07-28 08:43:43.498849,C3,5.59,Hyderabad
2025-07-28 08:38:43.498849,C2,5.58,Mumbai
2025-07-28 08:33:43.498849,C1,4.02,Mumbai
2025-07-28 08:28:43.498849,C5,11.49,Chennai
2025-07-28 08:23:43.498849,C4,9.3,Mumbai
2025-07-28 08:18:43.498849,C4,0.97,Mumbai
2025-07-28 08:13:43.498849,C2,4.17,Bangalore
2025-07-28 08:08:43.498849,C5,7.57,Mumbai
2025-07-28 08:03:43.498849,C4,8.16,Mumbai
2025-07-28 07:58:43.498849,C2,5.55,Hyderabad
2025-07-28 07:53:43.498849,C5,9.09,Mumbai
2025-07-28 07:48:43.498849,C4,2.38,Bangalore
2025-07-28 07:43:43.498849,C2,1.04,Bangalore
2025-07-28 07:38:43.498849,C4,2.93,Hyderabad
2025-07-28 07:33:43.498849,C5,10.72,Chennai
2025-07-28 07:28:43.498849,C1,1.57,Chennai
2025-07-28 07:23:43.498849,C5,1.25,Bangalore
2025-07-28 07:18:43.498849,C3,0.19,Mumbai
2025-07-28 07:13:43.498849,C5,9.93,Bangalore
2025-07-28 07:08:43.498849,C3,1.2,Hyderabad
2025-07-28 07:03:43.498849,C1,4.06,Bangalore
2025-07-28 06:58:43.498849,C2,6.27,Chennai
2025-07-28 06:53:43.498849,C3,6.42,Hyderabad
2025-07-28 06:48:43.498849,C1,10.07,Chennai
2025-07-28 06:43:43.498849,C5,4.0,Chennai
2025-07-28 06:38:43.498849,C3,3.6,Hyderabad
2025-07-28 06:33:43.498849,C4,10.75,Bangalore
2025-07-28 06:28:43.498849,C4,4.61,Chennai
2025-07-28 06:23:43.498849,C5,7.0,Bangalore
2025-07-28 06:18:43.498849,C2,9.2,Hyderabad
2025-07-28 06:13:43.498849,C3,0.07,Chennai
2025-07-28 06:08:43.498849,C5,5.85,Mumbai
2025-07-28 06:03:43.498849,C5,10.71,Chennai
2025-07-28 05:58:43.498849,C2,0.97,Bangalore
2025-07-28 05:53:43.498849,C5,6.14,Chennai
2025-07-28 05:48:43.498849,C1,11.36,Mumbai
2025-07-28 05:43:43.498849,C1,9.34,Hyderabad
2025-07-28 05:38:43.498849,C4,4.05,Mumbai
2025-07-28 05:33:43.498849,C5,11.19,Mumbai
2025-07-28 05:28:43.498849,C4,0.11,Chennai
2025-07-28 05:23:43.498849,C4,4.74,Bangalore
2025-07-28 05:18:43.498849,C5,3.85,Bangalore
2025-07-28 05:13:43.498849,C3,8.32,Hyderabad
2025-07-28 05:08:43.498849,C1,6.0,Mumbai
2025-07-28 05:03:43.498849,C5,0.68,Chennai
2025-07-28 04:58:43.498849,C2,8.43,Chennai
2025-07-28 04:53:43.498849,C1,11.95,Mumbai
2025-07-28 04:48:43.498849,C5,5.57,Bangalore
2025-07-28 04:43:43.498849,C2,2.76,Mumbai
2025-07-28 04:38:43.498849,C1,7.99,Mumbai
2025-07-28 04:33:43.498849,C4,8.73,Mumbai
2025-07-28 04:28:43.498849,C2,7.84,Mumbai
2025-07-28 04:23:43.498849,C4,4.97,Chennai
2025-07-28 04:18:43.498849,C5,9.39,Chennai
2025-07-28 04:13:43.498849,C4,7.83,Bangalore
2025-07-28 04:08:43.498849,C2,3.41,Mumbai
2025-07-28 04:03:43.498849,C3,11.72,Bangalore
2025-07-28 03:58:43.498849,C2,8.29,Chennai
2025-07-28 03:53:43.498849,C2,8.4,Hyderabad
2025-07-28 03:48:43.498849,C2,8.51,Bangalore
2025-07-28 03:43:43.498849,C5,9.51,Bangalore
2025-07-28 03:38:43.498849,C5,3.78,Chennai
2025-07-28 03:33:43.498849,C1,7.96,Mumbai
2025-07-28 03:28:43.498849,C1,9.17,Mumbai
2025-07-28 03:23:43.498849,C1,3.32,Chennai
2025-07-28 03:18:43.498849,C1,2.68,Mumbai
2025-07-28 03:13:43.498849,C1,1.58,Bangalore
2025-07-28 03:08:43.498849,C2,4.96,Mumbai
2025-07-28 03:03:43.498849,C1,11.22,Mumbai
2025-07-28 02:58:43.498849,C1,5.38,Chennai
2025-07-28 02:53:43.498849,C2,1.39,Chennai
2025-07-28 02:48:43.498849,C1,11.9,Mumbai
2025-07-28 02:43:43.498849,C4,11.01,Bangalore
2025-07-28 02:38:43.498849,C4,7.02,Chennai
2025-07-28 02:33:43.498849,C2,0.49,Mumbai
2025-07-28 02:28:43.498849,C5,7.23,Bangalore
2025-07-28 02:23:43.498849,C2,9.53,Mumbai
2025-07-28 02:18:43.498849,C3,2.14,Hyderabad
2025-07-28 02:13:43.498849,C4,2.29,Mumbai
2025-07-28 02:08:43.498849,C4,8.99,Chennai
2025-07-28 02:03:43.498849,C3,9.58,Hyderabad
2025-07-28 01:58:43.498849,C2,4.26,Bangalore
2025-07-28 01:53:43.498849,C2,7.54,Hyderabad
2025-07-28 01:48:43.498849,C5,3.89,Hyderabad
2025-07-28 01:43:43.498849,C5,8.74,Mumbai
2025-07-28 01:38:43.498849,C5,0.89,Chennai
2025-07-28 01:33:43.498849,C2,6.54,Bangalore
2025-07-28 01:28:43.498849,C2,11.49,Hyderabad
2025-07-28 01:23:43.498849,C4,6.54,Hyderabad
2025-07-28 01:18:43.498849,C1,5.55,Bangalore
2025-07-28 01:13:43.498849,C4,5.89,Hyderabad
2025-07-28 01:08:43.498849,C5,0.19,Mumbai
2025-07-28 01:03:43.498849,C5,3.86,Bangalore
2025-07-28 00:58:43.498849,C4,3.6,Mumbai
2025-07-28 00:53:43.498849,C1,1.12,Chennai
2025-07-28 00:48:43.498849,C1,5.86,Mumbai
2025-07-28 00:43:43.498849,C5,4.98,Chennai
2025-07-28 00:38:43.498849,C1,10.75,Bangalore
2025-07-28 00:33:43.498849,C5,8.37,Bangalore
2025-07-28 00:28:43.498849,C5,2.07,Chennai
2025-07-28 00:23:43.498849,C2,6.49,Chennai
2025-07-28 00:18:43.498849,C5,1.46,Chennai
2025-07-28 00:13:43.498849,C5,2.38,Hyderabad
2025-07-28 00:08:43.498849,C2,7.4,Mumbai
2025-07-28 00:03:43.498849,C5,0.61,Chennai
2025-07-27 23:58:43.498849,C3,11.06,Mumbai
2025-07-27 23:53:43.498849,C3,0.19,Mumbai
2025-07-27 23:48:43.498849,C5,1.8,Bangalore
2025-07-27 23:43:43.498849,C4,2.52,Hyderabad
2025-07-27 23:38:43.498849,C4,3.5,Mumbai
2025-07-27 23:33:43.498849,C3,4.45,Mumbai
2025-07-27 23:28:43.498849,C2,2.13,Chennai
2025-07-27 23:23:43.498849,C5,4.75,Mumbai
2025-07-27 23:18:43.498849,C2,4.67,Mumbai
2025-07-27 23:13:43.498849,C3,11.34,Mumbai
2025-07-27 23:08:43.498849,C4,5.85,Chennai
2025-07-27 23:03:43.498849,C2,0.82,Hyderabad
2025-07-27 22:58:43.498849,C4,2.78,Hyderabad
2025-07-27 22:53:43.498849,C2,7.47,Hyderabad
2025-07-27 22:48:43.498849,C4,2.56,Mumbai
2025-07-27 22:43:43.498849,C2,1.56,Bangalore
2025-07-27 22:38:43.498849,C3,1.56,Chennai
2025-07-27 22:33:43.498849,C2,0.22,Hyderabad
2025-07-27 22:28:43.498849,C5,8.51,Chennai
2025-07-27 22:23:43.498849,C5,4.37,Bangalore
2025-07-27 22:18:43.498849,C4,3.86,Chennai
2025-07-27 22:13:43.498849,C2,8.93,Hyderabad
2025-07-27 22:08:43.498849,C2,9.18,Chennai
2025-07-27 22:03:43.498849,C4,7.81,Bangalore
2025-07-27 21:58:43.498849,C3,9.93,Hyderabad
2025-07-27 21:53:43.498849,C2,3.06,Hyderabad
2025-07-27 21:48:43.498849,C1,10.82,Bangalore
2025-07-27 21:43:43.498849,C3,3.94,Hyderabad
2025-07-27 21:38:43.498849,C2,10.45,Bangalore
2025-07-27 21:33:43.498849,C2,9.6,Hyderabad
2025-07-27 21:28:43.498849,C5,0.9,Bangalore
2025-07-27 21:23:43.498849,C4,9.36,Chennai
2025-07-27 21:18:43.498849,C4,3.96,Mumbai
2025-07-27 21:13:43.498849,C1,6.13,Hyderabad
2025-07-27 21:08:43.498849,C3,9.99,Chennai
2025-07-27 21:03:43.498849,C1,6.33,Mumbai
2025-07-27 20:58:43.498849,C5,7.38,Mumbai
2025-07-27 20:53:43.498849,C3,9.88,Mumbai
2025-07-27 20:48:43.498849,C3,8.43,Hyderabad
2025-07-27 20:43:43.498849,C4,10.65,Mumbai
2025-07-27 20:38:43.498849,C4,6.01,Mumbai
2025-07-27 20:33:43.498849,C1,7.05,Bangalore
2025-07-27 20:28:43.498849,C5,8.26,Hyderabad
2025-07-27 20:23:43.498849,C4,9.34,Mumbai
2025-07-27 20:18:43.498849,C4,4.28,Chennai
2025-07-27 20:13:43.498849,C3,4.98,Hyderabad
2025-07-27 20:08:43.498849,C5,0.81,Hyderabad
2025-07-27 20:03:43.498849,C3,8.61,Chennai
2025-07-27 19:58:43.498849,C1,8.9,Chennai
2025-07-27 19:53:43.498849,C3,5.72,Hyderabad
2025-07-27 19:48:43.498849,C4,5.15,Mumbai
2025-07-27 19:43:43.498849,C3,3.3,Mumbai
2025-07-27 19:38:43.498849,C2,9.65,Bangalore
2025-07-27 19:33:43.498849,C3,7.82,Chennai
2025-07-27 19:28:43.498849,C3,11.73,Bangalore
2025-07-27 19:23:43.498849,C4,8.51,Bangalore
2025-07-27 19:18:43.498849,C2,2.48,Bangalore
2025-07-27 19:13:43.498849,C5,5.29,Hyderabad
2025-07-27 19:08:43.498849,C2,1.49,Mumbai
2025-07-27 19:03:43.498849,C2,2.63,Bangalore
2025-07-27 18:58:43.498849,C2,9.26,Chennai
2025-07-27 18:53:43.498849,C2,4.11,Hyderabad
2025-07-27 18:48:43.498849,C4,6.36,Hyderabad
2025-07-27 18:43:43.498849,C1,7.91,Chennai
2025-07-27 18:38:43.498849,C2,6.35,Mumbai
2025-07-27 18:33:43.498849,C1,10.0,Hyderabad
2025-07-27 18:28:43.498849,C4,10.73,Mumbai
2025-07-27 18:23:43.498849,C4,3.19,Mumbai
2025-07-27 18:18:43.498849,C5,10.94,Mumbai
2025-07-27 18:13:43.498849,C3,7.76,Chennai
2025-07-27 18:08:43.498849,C4,1.41,Bangalore
2025-07-27 18:03:43.498849,C3,8.9,Bangalore
2025-07-27 17:58:43.498849,C5,6.14,Chennai
2025-07-27 17:53:43.498849,C5,11.14,Chennai
2025-07-27 17:48:43.498849,C5,1.22,Chennai
2025-07-27 17:43:43.498849,C1,11.5,Hyderabad
2025-07-27 17:38:43.498849,C2,10.1,Chennai
2025-07-27 17:33:43.498849,C5,10.56,Hyderabad
2025-07-27 17:28:43.498849,C1,11.37,Mumbai
2025-07-27 17:23:43.498849,C3,10.55,Bangalore
2025-07-27 17:18:43.498849,C4,1.7,Bangalore
2025-07-27 17:13:43.498849,C3,5.95,Mumbai
2025-07-27 17:08:43.498849,C2,7.85,Hyderabad
2025-07-27 17:03:43.498849,C1,10.16,Chennai
2025-07-27 16:58:43.498849,C4,3.32,Hyderabad
2025-07-27 16:53:43.498849,C5,1.38,Hyderabad
2025-07-27 16:48:43.498849,C2,5.64,Mumbai
2025-07-27 16:43:43.498849,C4,0.04,Bangalore
2025-07-27 16:38:43.498849,C4,10.88,Mumbai
2025-07-27 16:33:43.498849,C1,4.07,Hyderabad
2025-07-27 16:28:43.498849,C5,10.3,Hyderabad
2025-07-27 16:23:43.498849,C5,6.88,Bangalore
2025-07-27 16:18:43.498849,C3,11.38,Mumbai
2025-07-27 16:13:43.498849,C4,10.12,Mumbai
2025-07-27 16:08:43.498849,C1,2.76,Mumbai
2025-07-27 16:03:43.498849,C5,4.41,Hyderabad
2025-07-27 15:58:43.498849,C4,1.15,Bangalore
2025-07-27 15:53:43.498849,C1,4.15,Bangalore
2025-07-27 15:48:43.498849,C5,4.97,Chennai
2025-07-27 15:43:43.498849,C4,5.62,Mumbai
2025-07-27 15:38:43.498849,C3,11.88,Hyderabad
2025-07-27 15:33:43.498849,C1,0.81,Hyderabad
2025-07-27 15:28:43.498849,C1,0.57,Bangalore
2025-07-27 15:23:43.498849,C1,7.87,Hyderabad
2025-07-27 15:18:43.498849,C3,1.84,Bangalore
2025-07-27 15:13:43.498849,C4,2.23,Chennai
2025-07-27 15:08:43.498849,C4,5.22,Chennai
2025-07-27 15:03:43.498849,C3,5.13,Mumbai
2025-07-27 14:58:43.498849,C2,0.05,Chennai
2025-07-27 14:53:43.498849,C4,10.99,Chennai
2025-07-27 14:48:43.498849,C5,8.56,Bangalore
2025-07-27 14:43:43.498849,C2,1.48,Chennai
2025-07-27 14:38:43.498849,C2,7.57,Chennai
2025-07-27 14:33:43.498849,C3,3.46,Chennai
2025-07-27 14:28:43.498849,C2,7.73,Chennai
2025-07-27 14:23:43.498849,C2,5.38,Hyderabad
2025-07-27 14:18:43.498849,C3,7.91,Bangalore
2025-07-27 14:13:43.498849,C2,11.62,Chennai
2025-07-27 14:08:43.498849,C5,10.52,Chennai
2025-07-27 14:03:43.498849,C2,3.29,Hyderabad
2025-07-27 13:58:43.498849,C1,3.95,Chennai
2025-07-27 13:53:43.498849,C3,9.37,Mumbai
2025-07-27 13:48:43.498849,C1,8.05,Bangalore
2025-07-27 13:43:43.498849,C2,10.29,Bangalore
2025-07-27 13:38:43.498849,C5,7.56,Chennai
2025-07-27 13:33:43.498849,C4,5.75,Mumbai
2025-07-27 13:28:43.498849,C1,10.65,Mumbai
2025-07-27 13:23:43.498849,C4,9.27,Hyderabad
2025-07-27 13:18:43.498849,C5,10.1,Bangalore
2025-07-27 13:13:43.498849,C2,3.6,Bangalore
2025-07-27 13:08:43.498849,C5,11.37,Chennai
2025-07-27 13:03:43.498849,C5,10.64,Mumbai
2025-07-27 12:58:43.498849,C5,4.61,Bangalore
2025-07-27 12:53:43.498849,C2,9.52,Bangalore
2025-07-27 12:48:43.498849,C4,2.07,Chennai
2025-07-27 12:43:43.498849,C5,11.4,Hyderabad
2025-07-27 12:38:43.498849,C1,1.06,Hyderabad
2025-07-27 12:33:43.498849,C2,9.2,Hyderabad
2025-07-27 12:28:43.498849,C2,11.95,Bangalore
2025-07-27 12:23:43.498849,C2,7.12,Hyderabad
2025-07-27 12:18:43.498849,C1,7.22,Mumbai
2025-07-27 12:13:43.498849,C3,9.54,Chennai
2025-07-27 12:08:43.498849,C5,0.56,Bangalore
2025-07-27 12:03:43.498849,C4,5.4,Chennai
2025-07-27 11:58:43.498849,C5,0.2,Mumbai
2025-07-27 11:53:43.498849,C4,1.86,Mumbai
2025-07-27 11:48:43.498849,C1,7.71,Chennai
2025-07-27 11:43:43.498849,C2,2.81,Hyderabad
2025-07-27 11:38:43.498849,C2,1.47,Hyderabad
2025-07-27 11:33:43.498849,C5,9.22,Bangalore
2025-07-27 11:28:43.498849,C4,8.59,Hyderabad
2025-07-27 11:23:43.498849,C5,1.84,Mumbai
2025-07-27 11:18:43.498849,C5,7.02,Chennai
2025-07-27 11:13:43.498849,C1,7.97,Mumbai
2025-07-27 11:08:43.498849,C3,9.46,Mumbai
2025-07-27 11:03:43.498849,C5,6.72,Bangalore
2025-07-27 10:58:43.498849,C4,1.59,Hyderabad
2025-07-27 10:53:43.498849,C2,4.79,Bangalore
2025-07-27 10:48:43.498849,C5,8.8,Bangalore
2025-07-27 10:43:43.498849,C3,8.82,Mumbai
2025-07-27 10:38:43.498849,C4,0.75,Mumbai
2025-07-27 10:33:43.498849,C4,3.72,Mumbai
2025-07-27 10:28:43.498849,C3,4.33,Mumbai
2025-07-27 10:23:43.498849,C2,7.98,Chennai
2025-07-27 10:18:43.498849,C2,4.41,Bangalore
2025-07-27 10:13:43.498849,C2,10.23,Hyderabad
2025-07-27 10:08:43.498849,C3,10.36,Bangalore
2025-07-27 10:03:43.498849,C4,9.45,Hyderabad
2025-07-27 09:58:43.498849,C4,6.59,Chennai
2025-07-27 09:53:43.498849,C5,10.61,Hyderabad
2025-07-27 09:48:43.498849,C2,6.03,Mumbai
2025-07-27 09:43:43.498849,C4,8.09,Chennai
2025-07-27 09:38:43.498849,C4,5.35,Hyderabad
2025-07-27 09:33:43.498849,C4,7.36,Hyderabad
2025-07-27 09:28:43.498849,C3,3.0,Bangalore
2025-07-27 09:23:43.498849,C2,6.6,Bangalore
2025-07-27 09:18:43.498849,C1,4.67,Hyderabad
2025-07-27 09:13:43.498849,C1,10.39,Hyderabad
2025-07-27 09:08:43.498849,C1,11.44,Bangalore
2025-07-27 09:03:43.498849,C3,5.12,Mumbai
2025-07-27 08:58:43.498849,C2,6.03,Chennai
2025-07-27 08:53:43.498849,C3,3.2,Bangalore
2025-07-27 08:48:43.498849,C4,9.76,Hyderabad
2025-07-27 08:43:43.498849,C2,5.65,Chennai
2025-07-27 08:38:43.498849,C2,1.33,Mumbai
2025-07-27 08:33:43.498849,C2,10.8,Bangalore
2025-07-27 08:28:43.498849,C5,10.11,Chennai
2025-07-27 08:23:43.498849,C2,11.97,Hyderabad
2025-07-27 08:18:43.498849,C5,4.76,Chennai
2025-07-27 08:13:43.498849,C4,3.04,Chennai
2025-07-27 08:08:43.498849,C3,4.28,Hyderabad
2025-07-27 08:03:43.498849,C5,0.72,Mumbai
2025-07-27 07:58:43.498849,C1,1.82,Mumbai
2025-07-27 07:53:43.498849,C5,11.41,Chennai
2025-07-27 07:48:43.498849,C2,9.12,Hyderabad
2025-07-27 07:43:43.498849,C5,9.21,Mumbai
2025-07-27 07:38:43.498849,C5,3.54,Mumbai
2025-07-27 07:33:43.498849,C5,2.57,Chennai
2025-07-27 07:28:43.498849,C5,1.23,Chennai
2025-07-27 07:23:43.498849,C4,0.3,Bangalore
2025-07-27 07:18:43.498849,C4,2.8,Mumbai
2025-07-27 07:13:43.498849,C1,3.44,Mumbai
2025-07-27 07:08:43.498849,C5,11.7,Bangalore
2025-07-27 07:03:43.498849,C4,4.18,Chennai
2025-07-27 06:58:43.498849,C4,3.03,Chennai
2025-07-27 06:53:43.498849,C1,7.65,Hyderabad
2025-07-27 06:48:43.498849,C5,6.76,Hyderabad
2025-07-27 06:43:43.498849,C5,3.68,Hyderabad
2025-07-27 06:38:43.498849,C5,8.97,Chennai
2025-07-27 06:33:43.498849,C3,10.67,Bangalore
2025-07-27 06:28:43.498849,C5,8.56,Mumbai
2025-07-27 06:23:43.498849,C1,8.81,Hyderabad
2025-07-27 06:18:43.498849,C3,5.12,Chennai
2025-07-27 06:13:43.498849,C4,3.73,Mumbai
2025-07-27 06:08:43.498849,C3,7.06,Hyderabad
2025-07-27 06:03:43.498849,C5,0.54,Chennai
2025-07-27 05:58:43.498849,C3,0.57,Mumbai
2025-07-27 05:53:43.498849,C5,3.07,Hyderabad
2025-07-27 05:48:43.498849,C5,1.28,Bangalore
2025-07-27 05:43:43.498849,C2,7.73,Hyderabad
2025-07-27 05:38:43.498849,C4,11.63,Chennai
2025-07-27 05:33:43.498849,C2,1.48,Bangalore
2025-07-27 05:28:43.498849,C3,10.79,Bangalore
2025-07-27 05:23:43.498849,C1,8.92,Hyderabad
2025-07-27 05:18:43.498849,C5,7.98,Bangalore
2025-07-27 05:13:43.498849,C5,8.08,Hyderabad
2025-07-27 05:08:43.498849,C5,9.52,Chennai
2025-07-27 05:03:43.498849,C1,5.65,Hyderabad
2025-07-27 04:58:43.498849,C4,7.53,Mumbai
2025-07-27 04:53:43.498849,C5,0.4,Bangalore
2025-07-27 04:48:43.498849,C2,3.6,Chennai
2025-07-27 04:43:43.498849,C4,9.3,Mumbai
2025-07-27 04:38:43.498849,C2,9.75,Mumbai
2025-07-27 04:33:43.498849,C5,1.31,Mumbai
2025-07-27 04:28:43.498849,C2,1.76,Chennai
2025-07-27 04:23:43.498849,C5,11.73,Bangalore
2025-07-27 04:18:43.498849,C4,8.85,Chennai
2025-07-27 04:13:43.498849,C5,4.74,Hyderabad
2025-07-27 04:08:43.498849,C3,1.37,Hyderabad
2025-07-27 04:03:43.498849,C3,11.54,Mumbai
2025-07-27 03:58:43.498849,C3,9.4,Mumbai
2025-07-27 03:53:43.498849,C3,1.61,Bangalore
2025-07-27 03:48:43.498849,C1,5.14,Mumbai
2025-07-27 03:43:43.498849,C5,1.45,Chennai
2025-07-27 03:38:43.498849,C4,11.27,Mumbai
2025-07-27 03:33:43.498849,C5,4.7,Hyderabad
2025-07-27 03:28:43.498849,C3,0.47,Hyderabad
2025-07-27 03:23:43.498849,C1,11.65,Bangalore
2025-07-27 03:18:43.498849,C4,2.75,Chennai
2025-07-27 03:13:43.498849,C5,10.66,Mumbai
2025-07-27 03:08:43.498849,C3,1.18,Chennai
2025-07-27 03:03:43.498849,C1,11.32,Hyderabad
2025-07-27 02:58:43.498849,C2,7.04,Chennai
2025-07-27 02:53:43.498849,C2,10.2,Hyderabad
2025-07-27 02:48:43.498849,C2,10.89,Hyderabad
2025-07-27 02:43:43.498849,C1,5.5,Bangalore
2025-07-27 02:38:43.498849,C2,10.57,Chennai
2025-07-27 02:33:43.498849,C5,1.11,Hyderabad
2025-07-27 02:28:43.498849,C2,6.01,Hyderabad
2025-07-27 02:23:43.498849,C2,5.41,Chennai
2025-07-27 02:18:43.498849,C4,0.49,Chennai
2025-07-27 02:13:43.498849,C5,8.93,Bangalore
2025-07-27 02:08:43.498849,C5,10.65,Hyderabad
2025-07-27 02:03:43.498849,C4,10.45,Mumbai
2025-07-27 01:58:43.498849,C1,7.24,Hyderabad
2025-07-27 01:53:43.498849,C2,3.54,Bangalore
2025-07-27 01:48:43.498849,C3,0.16,Bangalore
2025-07-27 01:43:43.498849,C1,1.58,Bangalore
2025-07-27 01:38:43.498849,C5,10.1,Hyderabad
2025-07-27 01:33:43.498849,C3,9.28,Hyderabad
2025-07-27 01:28:43.498849,C2,8.12,Chennai
2025-07-27 01:23:43.498849,C4,3.28,Mumbai
2025-07-27 01:18:43.498849,C1,9.73,Chennai
2025-07-27 01:13:43.498849,C3,5.45,Bangalore
2025-07-27 01:08:43.498849,C2,5.57,Bangalore
2025-07-27 01:03:43.498849,C3,2.68,Hyderabad
2025-07-27 00:58:43.498849,C3,0.31,Bangalore
2025-07-27 00:53:43.498849,C4,3.81,Hyderabad
2025-07-27 00:48:43.498849,C2,9.55,Hyderabad
2025-07-27 00:43:43.498849,C2,8.41,Chennai
2025-07-27 00:38:43.498849,C2,4.57,Chennai
2025-07-27 00:33:43.498849,C4,10.56,Chennai
2025-07-27 00:28:43.498849,C2,3.06,Chennai
2025-07-27 00:23:43.498849,C3,10.55,Mumbai
2025-07-27 00:18:43.498849,C1,7.65,Mumbai
2025-07-27 00:13:43.498849,C1,3.78,Chennai
2025-07-27 00:08:43.498849,C3,8.96,Mumbai
2025-07-27 00:03:43.498849,C2,10.01,Bangalore
2025-07-26 23:58:43.498849,C5,8.18,Mumbai
2025-07-26 23:53:43.498849,C4,10.33,Bangalore
2025-07-26 23:48:43.498849,C5,2.3,Hyderabad
2025-07-26 23:43:43.498849,C1,0.52,Hyderabad
2025-07-26 23:38:43.498849,C2,8.95,Bangalore
2025-07-26 23:33:43.498849,C4,6.15,Hyderabad
2025-07-26 23:28:43.498849,C4,2.86,Chennai
2025-07-26 23:23:43.498849,C2,7.48,Mumbai
2025-07-26 23:18:43.498849,C5,7.58,Hyderabad
2025-07-26 23:13:43.498849,C1,11.37,Mumbai
2025-07-26 23:08:43.498849,C1,6.61,Chennai
2025-07-26 23:03:43.498849,C3,1.81,Chennai
2025-07-26 22:58:43.498849,C4,10.23,Hyderabad
2025-07-26 22:53:43.498849,C4,6.52,Mumbai
2025-07-26 22:48:43.498849,C3,5.87,Chennai
2025-07-26 22:43:43.498849,C5,5.01,Chennai
2025-07-26 22:38:43.498849,C4,3.04,Mumbai
2025-07-26 22:33:43.498849,C4,1.35,Bangalore
2025-07-26 22:28:43.498849,C2,1.37,Hyderabad
2025-07-26 22:23:43.498849,C5,1.06,Chennai
2025-07-26 22:18:43.498849,C2,5.12,Bangalore
2025-07-26 22:13:43.498849,C3,2.76,Bangalore
2025-07-26 22:08:43.498849,C5,6.95,Bangalore
2025-07-26 22:03:43.498849,C4,11.82,Hyderabad
2025-07-26 21:58:43.498849,C5,2.17,Chennai
2025-07-26 21:53:43.498849,C3,7.31,Bangalore
2025-07-26 21:48:43.498849,C5,3.92,Mumbai
2025-07-26 21:43:43.498849,C4,1.19,Chennai
2025-07-26 21:38:43.498849,C2,3.83,Chennai
2025-07-26 21:33:43.498849,C4,6.61,Mumbai
2025-07-26 21:28:43.498849,C5,7.92,Hyderabad
2025-07-26 21:23:43.498849,C3,4.39,Chennai
2025-07-26 21:18:43.498849,C2,8.95,Bangalore
2025-07-26 21:13:43.498849,C2,9.9,Hyderabad
2025-07-26 21:08:43.498849,C4,2.05,Chennai
2025-07-26 21:03:43.498849,C5,11.58,Mumbai
2025-07-26 20:58:43.498849,C3,7.34,Mumbai
2025-07-26 20:53:43.498849,C3,8.14,Hyderabad
2025-07-26 20:48:43.498849,C5,4.04,Bangalore
2025-07-26 20:43:43.498849,C1,5.42,Bangalore
2025-07-26 20:38:43.498849,C2,0.06,Mumbai
2025-07-26 20:33:43.498849,C3,5.47,Hyderabad
2025-07-26 20:28:43.498849,C5,4.93,Hyderabad
2025-07-26 20:23:43.498849,C2,8.06,Bangalore
2025-07-26 20:18:43.498849,C4,7.16,Mumbai
2025-07-26 20:13:43.498849,C2,6.9,Bangalore
2025-07-26 20:08:43.498849,C2,4.54,Mumbai
2025-07-26 20:03:43.498849,C2,8.62,Hyderabad
2025-07-26 19:58:43.498849,C1,9.29,Mumbai
2025-07-26 19:53:43.498849,C5,7.27,Mumbai
2025-07-26 19:48:43.498849,C1,9.38,Mumbai
2025-07-26 19:43:43.498849,C4,9.87,Hyderabad
2025-07-26 19:38:43.498849,C4,7.26,Mumbai
2025-07-26 19:33:43.498849,C3,9.38,Bangalore
2025-07-26 19:28:43.498849,C5,7.23,Hyderabad
2025-07-26 19:23:43.498849,C2,1.89,Chennai
2025-07-26 19:18:43.498849,C2,6.13,Hyderabad
2025-07-26 19:13:43.498849,C1,6.92,Hyderabad
2025-07-26 19:08:43.498849,C4,10.88,Hyderabad
2025-07-26 19:03:43.498849,C3,2.48,Chennai
2025-07-26 18:58:43.498849,C2,3.19,Bangalore
2025-07-26 18:53:43.498849,C4,2.36,Chennai
2025-07-26 18:48:43.498849,C4,0.99,Bangalore
2025-07-26 18:43:43.498849,C5,2.58,Mumbai
2025-07-26 18:38:43.498849,C2,1.2,Hyderabad
2025-07-26 18:33:43.498849,C2,6.64,Mumbai
2025-07-26 18:28:43.498849,C1,1.15,Bangalore
2025-07-26 18:23:43.498849,C5,0.56,Chennai
2025-07-26 18:18:43.498849,C5,9.98,Bangalore
2025-07-26 18:13:43.498849,C1,10.54,Mumbai
2025-07-26 18:08:43.498849,C5,8.77,Mumbai
2025-07-26 18:03:43.498849,C1,10.69,Hyderabad
2025-07-26 17:58:43.498849,C3,6.82,Mumbai
2025-07-26 17:53:43.498849,C3,6.98,Hyderabad
2025-07-26 17:48:43.498849,C1,2.12,Mumbai
2025-07-26 17:43:43.498849,C2,5.33,Chennai
2025-07-26 17:38:43.498849,C1,7.25,Mumbai
2025-07-26 17:33:43.498849,C1,4.47,Hyderabad
2025-07-26 17:28:43.498849,C1,11.06,Mumbai
2025-07-26 17:23:43.498849,C4,7.66,Bangalore
2025-07-26 17:18:43.498849,C2,3.89,Mumbai
2025-07-26 17:13:43.498849,C5,8.78,Mumbai
2025-07-26 17:08:43.498849,C5,0.3,Chennai
2025-07-26 17:03:43.498849,C5,0.8,Mumbai
2025-07-26 16:58:43.498849,C5,7.42,Hyderabad
2025-07-26 16:53:43.498849,C5,1.92,Bangalore
2025-07-26 16:48:43.498849,C3,3.98,Bangalore
2025-07-26 16:43:43.498849,C2,7.56,Bangalore
2025-07-26 16:38:43.498849,C2,1.83,Hyderabad
2025-07-26 16:33:43.498849,C4,0.99,Chennai
2025-07-26 16:28:43.498849,C4,11.29,Mumbai
2025-07-26 16:23:43.498849,C1,1.96,Mumbai
2025-07-26 16:18:43.498849,C5,4.91,Bangalore
2025-07-26 16:13:43.498849,C1,4.53,Chennai
2025-07-26 16:08:43.498849,C4,4.55,Chennai
2025-07-26 16:03:43.498849,C2,8.05,Chennai
2025-07-26 15:58:43.498849,C5,3.83,Chennai
2025-07-26 15:53:43.498849,C4,8.6,Chennai
2025-07-26 15:48:43.498849,C5,2.56,Bangalore
2025-07-26 15:43:43.498849,C5,5.92,Mumbai
2025-07-26 15:38:43.498849,C5,3.0,Mumbai
2025-07-26 15:33:43.498849,C5,6.38,Chennai
2025-07-26 15:28:43.498849,C4,7.3,Chennai
2025-07-26 15:23:43.498849,C2,2.31,Chennai
2025-07-26 15:18:43.498849,C1,3.2,Bangalore
2025-07-26 15:13:43.498849,C3,2.75,Chennai
2025-07-26 15:08:43.498849,C3,0.3,Bangalore
2025-07-26 15:03:43.498849,C4,10.52,Chennai
2025-07-26 14:58:43.498849,C2,0.1,Chennai
2025-07-26 14:53:43.498849,C3,6.56,Bangalore
2025-07-26 14:48:43.498849,C3,4.8,Hyderabad
2025-07-26 14:43:43.498849,C4,3.7,Mumbai
2025-07-26 14:38:43.498849,C2,9.96,Mumbai
2025-07-26 14:33:43.498849,C4,8.55,Chennai
2025-07-26 14:28:43.498849,C1,2.82,Bangalore
2025-07-26 14:23:43.498849,C4,3.15,Bangalore
2025-07-26 14:18:43.498849,C5,6.2,Chennai
2025-07-26 14:13:43.498849,C3,7.66,Bangalore
2025-07-26 14:08:43.498849,C3,4.18,Bangalore
2025-07-26 14:03:43.498849,C5,11.26,Bangalore
2025-07-26 13:58:43.498849,C2,1.68,Mumbai
2025-07-26 13:53:43.498849,C4,5.74,Hyderabad
2025-07-26 13:48:43.498849,C4,11.0,Chennai
2025-07-26 13:43:43.498849,C4,5.88,Mumbai
2025-07-26 13:38:43.498849,C1,11.85,Hyderabad
2025-07-26 13:33:43.498849,C2,10.52,Mumbai
2025-07-26 13:28:43.498849,C3,3.2,Chennai
2025-07-26 13:23:43.498849,C3,9.92,Mumbai
2025-07-26 13:18:43.498849,C1,10.79,Bangalore
2025-07-26 13:13:43.498849,C2,1.06,Hyderabad
2025-07-26 13:08:43.498849,C3,8.51,Bangalore
2025-07-26 13:03:43.498849,C2,3.9,Mumbai
2025-07-26 12:58:43.498849,C4,10.7,Chennai
2025-07-26 12:53:43.498849,C2,8.44,Chennai
2025-07-26 12:48:43.498849,C3,9.55,Mumbai
2025-07-26 12:43:43.498849,C4,4.39,Hyderabad
2025-07-26 12:38:43.498849,C4,0.63,Bangalore
2025-07-26 12:33:43.498849,C5,3.24,Mumbai
2025-07-26 12:28:43.498849,C3,1.08,Hyderabad
2025-07-26 12:23:43.498849,C5,0.26,Hyderabad
2025-07-26 12:18:43.498849,C1,10.28,Mumbai
2025-07-26 12:13:43.498849,C4,6.41,Chennai
2025-07-26 12:08:43.498849,C3,9.85,Bangalore
2025-07-26 12:03:43.498849,C5,11.93,Chennai
2025-07-26 11:58:43.498849,C1,1.29,Mumbai
2025-07-26 11:53:43.498849,C2,10.14,Hyderabad
2025-07-26 11:48:43.498849,C3,9.4,Hyderabad
2025-07-26 11:43:43.498849,C2,2.79,Hyderabad
2025-07-26 11:38:43.498849,C1,5.75,Chennai
2025-07-26 11:33:43.498849,C5,0.39,Bangalore
2025-07-26 11:28:43.498849,C3,11.95,Chennai
2025-07-26 11:23:43.498849,C5,6.22,Bangalore
2025-07-26 11:18:43.498849,C3,1.77,Bangalore
2025-07-26 11:13:43.498849,C5,6.0,Chennai
2025-07-26 11:08:43.498849,C5,8.44,Mumbai
2025-07-26 11:03:43.498849,C1,5.47,Mumbai
2025-07-26 10:58:43.498849,C4,4.47,Bangalore
2025-07-26 10:53:43.498849,C4,6.43,Mumbai
2025-07-26 10:48:43.498849,C5,3.35,Bangalore
2025-07-26 10:43:43.498849,C2,9.09,Hyderabad
2025-07-26 10:38:43.498849,C2,5.28,Mumbai
2025-07-26 10:33:43.498849,C4,11.07,Mumbai
2025-07-26 10:28:43.498849,C1,3.97,Chennai
2025-07-26 10:23:43.498849,C4,1.2,Hyderabad
2025-07-26 10:18:43.498849,C5,1.97,Bangalore
2025-07-26 10:13:43.498849,C3,5.12,Mumbai
2025-07-26 10:08:43.498849,C4,6.7,Chennai
2025-07-26 10:03:43.498849,C3,4.17,Chennai
2025-07-26 09:58:43.498849,C2,10.29,Hyderabad
2025-07-26 09:53:43.498849,C2,9.94,Mumbai
2025-07-26 09:48:43.498849,C4,8.61,Mumbai
2025-07-26 09:43:43.498849,C4,3.38,Mumbai
2025-07-26 09:38:43.498849,C5,0.29,Hyderabad
2025-07-26 09:33:43.498849,C5,8.08,Chennai
2025-07-26 09:28:43.498849,C1,7.34,Bangalore
2025-07-26 09:23:43.498849,C3,11.11,Chennai
2025-07-26 09:18:43.498849,C2,10.93,Bangalore
2025-07-26 09:13:43.498849,C4,2.1,Hyderabad
2025-07-26 09:08:43.498849,C2,7.52,Mumbai
2025-07-26 09:03:43.498849,C1,3.31,Hyderabad
2025-07-26 08:58:43.498849,C2,6.91,Bangalore
2025-07-26 08:53:43.498849,C2,0.76,Mumbai
2025-07-26 08:48:43.498849,C2,2.99,Bangalore
2025-07-26 08:43:43.498849,C4,11.34,Hyderabad
2025-07-26 08:38:43.498849,C5,1.23,Chennai
2025-07-26 08:33:43.498849,C1,11.92,Chennai
2025-07-26 08:28:43.498849,C5,1.52,Mumbai
2025-07-26 08:23:43.498849,C1,0.03,Bangalore
2025-07-26 08:18:43.498849,C3,11.65,Bangalore
2025-07-26 08:13:43.498849,C5,0.4,Chennai
2025-07-26 08:08:43.498849,C3,3.01,Chennai
2025-07-26 08:03:43.498849,C1,5.51,Hyderabad
2025-07-26 07:58:43.498849,C3,0.19,Chennai
2025-07-26 07:53:43.498849,C2,5.97,Bangalore
2025-07-26 07:48:43.498849,C4,4.36,Chennai
2025-07-26 07:43:43.498849,C4,1.7,Hyderabad
2025-07-26 07:38:43.498849,C5,9.13,Hyderabad
2025-07-26 07:33:43.498849,C4,10.9,Mumbai
2025-07-26 07:28:43.498849,C1,4.53,Mumbai
2025-07-26 07:23:43.498849,C2,9.73,Chennai
2025-07-26 07:18:43.498849,C1,8.8,Chennai
2025-07-26 07:13:43.498849,C5,3.22,Chennai
2025-07-26 07:08:43.498849,C4,8.96,Chennai
2025-07-26 07:03:43.498849,C2,9.43,Mumbai
2025-07-26 06:58:43.498849,C3,10.38,Bangalore
2025-07-26 06:53:43.498849,C1,4.51,Chennai
2025-07-26 06:48:43.498849,C5,0.41,Bangalore
2025-07-26 06:43:43.498849,C5,10.7,Mumbai
2025-07-26 06:38:43.498849,C1,7.75,Chennai
2025-07-26 06:33:43.498849,C1,5.66,Hyderabad
2025-07-26 06:28:43.498849,C2,10.24,Chennai
2025-07-26 06:23:43.498849,C5,9.16,Chennai
2025-07-26 06:18:43.498849,C2,1.95,Mumbai
2025-07-26 06:13:43.498849,C3,9.56,Hyderabad
2025-07-26 06:08:43.498849,C1,9.05,Mumbai
2025-07-26 06:03:43.498849,C3,8.26,Bangalore
2025-07-26 05:58:43.498849,C4,1.86,Bangalore
2025-07-26 05:53:43.498849,C4,3.21,Bangalore
2025-07-26 05:48:43.498849,C4,9.8,Mumbai
2025-07-26 05:43:43.498849,C2,0.98,Hyderabad
2025-07-26 05:38:43.498849,C1,5.01,Chennai
2025-07-26 05:33:43.498849,C3,6.75,Chennai
2025-07-26 05:28:43.498849,C3,1.24,Hyderabad
2025-07-26 05:23:43.498849,C1,10.43,Bangalore
2025-07-26 05:18:43.498849,C1,11.75,Hyderabad
2025-07-26 05:13:43.498849,C1,0.87,Mumbai
2025-07-26 05:08:43.498849,C1,7.62,Hyderabad
2025-07-26 05:03:43.498849,C4,9.48,Hyderabad
2025-07-26 04:58:43.498849,C3,5.2,Chennai
2025-07-26 04:53:43.498849,C2,3.87,Bangalore
2025-07-26 04:48:43.498849,C1,2.42,Hyderabad
2025-07-26 04:43:43.498849,C1,7.31,Mumbai
2025-07-26 04:38:43.498849,C1,11.97,Mumbai
2025-07-26 04:33:43.498849,C1,7.6,Chennai
2025-07-26 04:28:43.498849,C1,1.27,Chennai
2025-07-26 04:23:43.498849,C5,7.94,Hyderabad
2025-07-26 04:18:43.498849,C4,2.49,Hyderabad
2025-07-26 04:13:43.498849,C3,11.63,Hyderabad
2025-07-26 04:08:43.498849,C4,2.67,Bangalore
2025-07-26 04:03:43.498849,C3,9.98,Chennai
2025-07-26 03:58:43.498849,C4,10.48,Chennai
2025-07-26 03:53:43.498849,C5,8.53,Hyderabad
2025-07-26 03:48:43.498849,C4,1.17,Bangalore
2025-07-26 03:43:43.498849,C2,10.09,Chennai
2025-07-26 03:38:43.498849,C1,3.3,Chennai
2025-07-26 03:33:43.498849,C4,6.75,Mumbai
2025-07-26 03:28:43.498849,C1,3.96,Chennai
2025-07-26 03:23:43.498849,C3,6.01,Bangalore
2025-07-26 03:18:43.498849,C2,2.75,Bangalore
2025-07-26 03:13:43.498849,C5,3.04,Mumbai
2025-07-26 03:08:43.498849,C2,5.83,Mumbai
2025-07-26 03:03:43.498849,C5,10.65,Hyderabad
2025-07-26 02:58:43.498849,C2,9.73,Bangalore
2025-07-26 02:53:43.498849,C4,8.28,Chennai
2025-07-26 02:48:43.498849,C3,1.24,Bangalore
2025-07-26 02:43:43.498849,C3,5.84,Hyderabad
2025-07-26 02:38:43.498849,C3,5.42,Hyderabad
2025-07-26 02:33:43.498849,C5,11.68,Hyderabad
2025-07-26 02:28:43.498849,C3,2.12,Chennai
2025-07-26 02:23:43.498849,C5,10.62,Hyderabad
2025-07-26 02:18:43.498849,C3,2.22,Hyderabad
2025-07-26 02:13:43.498849,C3,10.56,Chennai
2025-07-26 02:08:43.498849,C4,3.61,Chennai
2025-07-26 02:03:43.498849,C3,9.11,Bangalore
2025-07-26 01:58:43.498849,C4,11.53,Bangalore
2025-07-26 01:53:43.498849,C2,5.72,Mumbai
2025-07-26 01:48:43.498849,C5,9.76,Mumbai
2025-07-26 01:43:43.498849,C1,5.36,Chennai
2025-07-26 01:38:43.498849,C2,9.28,Bangalore
2025-07-26 01:33:43.498849,C2,5.63,Chennai
2025-07-26 01:28:43.498849,C3,4.7,Chennai
2025-07-26 01:23:43.498849,C1,6.06,Hyderabad
2025-07-26 01:18:43.498849,C5,0.4,Mumbai
2025-07-26 01:13:43.498849,C5,10.06,Chennai
2025-07-26 01:08:43.498849,C1,8.96,Mumbai
2025-07-26 01:03:43.498849,C4,8.9,Hyderabad
2025-07-26 00:58:43.498849,C4,0.37,Hyderabad
2025-07-26 00:53:43.498849,C5,2.2,Chennai
2025-07-26 00:48:43.498849,C1,0.36,Bangalore
2025-07-26 00:43:43.498849,C3,3.3,Hyderabad
2025-07-26 00:38:43.498849,C2,1.07,Bangalore
2025-07-26 00:33:43.498849,C4,5.2,Mumbai
2025-07-26 00:28:43.498849,C3,10.98,Hyderabad
2025-07-26 00:23:43.498849,C2,9.76,Mumbai
2025-07-26 00:18:43.498849,C5,7.51,Chennai
2025-07-26 00:13:43.498849,C2,3.22,Hyderabad
2025-07-26 00:08:43.498849,C2,0.79,Hyderabad
2025-07-26 00:03:43.498849,C2,0.49,Bangalore
2025-07-25 23:58:43.498849,C1,8.94,Hyderabad
2025-07-25 23:53:43.498849,C1,2.31,Mumbai
2025-07-25 23:48:43.498849,C2,6.13,Hyderabad
2025-07-25 23:43:43.498849,C5,3.66,Bangalore
2025-07-25 23:38:43.498849,C1,9.52,Chennai
2025-07-25 23:33:43.498849,C5,8.73,Mumbai
2025-07-25 23:28:43.498849,C2,8.5,Chennai
2025-07-25 23:23:43.498849,C5,9.74,Hyderabad
2025-07-25 23:18:43.498849,C2,5.15,Bangalore
2025-07-25 23:13:43.498849,C4,0.89,Mumbai
2025-07-25 23:08:43.498849,C3,9.85,Chennai
2025-07-25 23:03:43.498849,C4,5.26,Chennai
2025-07-25 22:58:43.498849,C4,2.02,Hyderabad
2025-07-25 22:53:43.498849,C2,11.69,Chennai
2025-07-25 22:48:43.498849,C5,7.4,Bangalore
2025-07-25 22:43:43.498849,C1,9.18,Hyderabad
2025-07-25 22:38:43.498849,C1,7.79,Chennai
2025-07-25 22:33:43.498849,C1,5.27,Mumbai
2025-07-25 22:28:43.498849,C3,11.53,Chennai
2025-07-25 22:23:43.498849,C1,6.3,Mumbai
2025-07-25 22:18:43.498849,C4,2.96,Mumbai
2025-07-25 22:13:43.498849,C5,8.1,Mumbai
2025-07-25 22:08:43.498849,C1,10.27,Hyderabad
2025-07-25 22:03:43.498849,C3,10.78,Hyderabad
2025-07-25 21:58:43.498849,C4,7.87,Bangalore
2025-07-25 21:53:43.498849,C1,5.17,Bangalore
2025-07-25 21:48:43.498849,C4,4.28,Bangalore
2025-07-25 21:43:43.498849,C2,3.44,Hyderabad
2025-07-25 21:38:43.498849,C1,3.78,Mumbai
2025-07-25 21:33:43.498849,C5,6.08,Chennai
2025-07-25 21:28:43.498849,C2,11.1,Bangalore
2025-07-25 21:23:43.498849,C2,9.4,Chennai
2025-07-25 21:18:43.498849,C5,8.97,Bangalore
2025-07-25 21:13:43.498849,C4,6.96,Bangalore
2025-07-25 21:08:43.498849,C2,7.39,Bangalore
2025-07-25 21:03:43.498849,C2,7.15,Hyderabad
2025-07-25 20:58:43.498849,C4,0.7,Mumbai
2025-07-25 20:53:43.498849,C5,2.04,Bangalore
2025-07-25 20:48:43.498849,C1,9.6,Mumbai
2025-07-25 20:43:43.498849,C2,6.73,Hyderabad
2025-07-25 20:38:43.498849,C4,2.62,Bangalore
2025-07-25 20:33:43.498849,C4,7.06,Hyderabad
2025-07-25 20:28:43.498849,C5,6.58,Bangalore
2025-07-25 20:23:43.498849,C1,6.71,Bangalore
2025-07-25 20:18:43.498849,C1,11.33,Chennai
2025-07-25 20:13:43.498849,C3,4.25,Hyderabad
2025-07-25 20:08:43.498849,C3,8.17,Chennai
2025-07-25 20:03:43.498849,C2,9.66,Mumbai
2025-07-25 19:58:43.498849,C3,3.39,Bangalore
2025-07-25 19:53:43.498849,C1,2.06,Bangalore
2025-07-25 19:48:43.498849,C1,4.87,Mumbai
2025-07-25 19:43:43.498849,C3,4.21,Chennai
2025-07-25 19:38:43.498849,C2,3.08,Bangalore
2025-07-25 19:33:43.498849,C4,8.14,Hyderabad
2025-07-25 19:28:43.498849,C3,7.23,Hyderabad
2025-07-25 19:23:43.498849,C5,9.42,Hyderabad
2025-07-25 19:18:43.498849,C5,10.74,Chennai
2025-07-25 19:13:43.498849,C4,8.68,Hyderabad
2025-07-25 19:08:43.498849,C4,4.59,Bangalore
2025-07-25 19:03:43.498849,C3,0.92,Bangalore
2025-07-25 18:58:43.498849,C3,6.5,Hyderabad
2025-07-25 18:53:43.498849,C2,6.76,Hyderabad
2025-07-25 18:48:43.498849,C1,3.66,Hyderabad
2025-07-25 18:43:43.498849,C5,9.92,Hyderabad
2025-07-25 18:38:43.498849,C4,9.24,Bangalore
2025-07-25 18:33:43.498849,C1,3.1,Chennai
2025-07-25 18:28:43.498849,C5,0.11,Chennai
2025-07-25 18:23:43.498849,C3,5.9,Mumbai
2025-07-25 18:18:43.498849,C4,7.29,Mumbai
2025-07-25 18:13:43.498849,C3,6.03,Bangalore
2025-07-25 18:08:43.498849,C4,10.96,Mumbai
2025-07-25 18:03:43.498849,C3,4.01,Mumbai
2025-07-25 17:58:43.498849,C2,9.03,Chennai
2025-07-25 17:53:43.498849,C4,2.03,Bangalore
2025-07-25 17:48:43.498849,C4,6.7,Hyderabad
2025-07-25 17:43:43.498849,C4,10.25,Chennai
2025-07-25 17:38:43.498849,C3,4.73,Hyderabad
2025-07-25 17:33:43.498849,C1,7.64,Chennai
2025-07-25 17:28:43.498849,C2,10.47,Hyderabad
2025-07-25 17:23:43.498849,C5,6.38,Chennai
2025-07-25 17:18:43.498849,C4,10.39,Mumbai
2025-07-25 17:13:43.498849,C2,2.78,Chennai
2025-07-25 17:08:43.498849,C2,4.11,Mumbai
2025-07-25 17:03:43.498849,C3,4.02,Chennai
2025-07-25 16:58:43.498849,C1,1.67,Chennai
2025-07-25 16:53:43.498849,C2,8.91,Mumbai
2025-07-25 16:48:43.498849,C3,1.71,Chennai
2025-07-25 16:43:43.498849,C3,2.05,Hyderabad
2025-07-25 16:38:43.498849,C2,2.37,Hyderabad
2025-07-25 16:33:43.498849,C4,7.53,Chennai
2025-07-25 16:28:43.498849,C3,3.56,Chennai
2025-07-25 16:23:43.498849,C5,1.22,Mumbai
2025-07-25 16:18:43.498849,C5,9.96,Mumbai
2025-07-25 16:13:43.498849,C3,7.19,Bangalore
2025-07-25 16:08:43.498849,C4,6.62,Hyderabad
2025-07-25 16:03:43.498849,C1,10.47,Mumbai
2025-07-25 15:58:43.498849,C5,1.93,Hyderabad
2025-07-25 15:53:43.498849,C2,7.63,Hyderabad
2025-07-25 15:48:43.498849,C2,10.54,Bangalore
2025-07-25 15:43:43.498849,C1,8.63,Chennai
2025-07-25 15:38:43.498849,C5,8.66,Bangalore
2025-07-25 15:33:43.498849,C5,9.77,Hyderabad
2025-07-25 15:28:43.498849,C3,1.75,Hyderabad
2025-07-25 15:23:43.498849,C5,5.35,Bangalore
2025-07-25 15:18:43.498849,C2,6.19,Bangalore
2025-07-25 15:13:43.498849,C4,2.64,Hyderabad
2025-07-25 15:08:43.498849,C4,9.36,Chennai
2025-07-25 15:03:43.498849,C1,3.08,Chennai
2025-07-25 14:58:43.498849,C3,7.93,Mumbai
2025-07-25 14:53:43.498849,C2,0.88,Hyderabad
2025-07-25 14:48:43.498849,C2,4.68,Chennai
2025-07-25 14:43:43.498849,C4,2.63,Bangalore
2025-07-25 14:38:43.498849,C1,2.58,Chennai
2025-07-25 14:33:43.498849,C2,3.62,Bangalore
2025-07-25 14:28:43.498849,C5,0.43,Bangalore
2025-07-25 14:23:43.498849,C5,4.2,Hyderabad
2025-07-25 14:18:43.498849,C2,8.8,Hyderabad
2025-07-25 14:13:43.498849,C4,1.25,Chennai
2025-07-25 14:08:43.498849,C5,1.68,Mumbai
2025-07-25 14:03:43.498849,C4,5.71,Mumbai
2025-07-25 13:58:43.498849,C1,9.2,Hyderabad
2025-07-25 13:53:43.498849,C5,9.82,Bangalore
2025-07-25 13:48:43.498849,C2,4.6,Mumbai
2025-07-25 13:43:43.498849,C5,5.58,Chennai
2025-07-25 13:38:43.498849,C5,8.32,Chennai
2025-07-25 13:33:43.498849,C3,11.93,Mumbai
2025-07-25 13:28:43.498849,C2,1.73,Chennai
2025-07-25 13:23:43.498849,C2,4.49,Chennai
2025-07-25 13:18:43.498849,C1,11.29,Bangalore
2025-07-25 13:13:43.498849,C1,3.28,Mumbai
2025-07-25 13:08:43.498849,C5,0.07,Bangalore
2025-07-25 13:03:43.498849,C2,2.61,Hyderabad
2025-07-25 12:58:43.498849,C5,4.48,Bangalore
2025-07-25 12:53:43.498849,C4,10.84,Hyderabad
2025-07-25 12:48:43.498849,C2,4.57,Chennai
2025-07-25 12:43:43.498849,C5,9.47,Mumbai
2025-07-25 12:38:43.498849,C1,11.62,Bangalore
2025-07-25 12:33:43.498849,C4,0.85,Chennai
2025-07-25 12:28:43.498849,C3,4.54,Bangalore
2025-07-25 12:23:43.498849,C2,2.0,Chennai
2025-07-25 12:18:43.498849,C3,5.69,Bangalore
2025-07-25 12:13:43.498849,C3,11.4,Hyderabad
2025-07-25 12:08:43.498849,C2,11.3,Bangalore
2025-07-25 12:03:43.498849,C5,11.26,Mumbai
2025-07-25 11:58:43.498849,C1,2.66,Bangalore
2025-07-25 11:53:43.498849,C3,6.58,Bangalore
2025-07-25 11:48:43.498849,C5,8.96,Hyderabad
2025-07-25 11:43:43.498849,C2,3.68,Mumbai
2025-07-25 11:38:43.498849,C2,9.04,Hyderabad
2025-07-25 11:33:43.498849,C3,2.45,Mumbai
2025-07-25 11:28:43.498849,C3,9.71,Chennai
2025-07-25 11:23:43.498849,C4,9.0,Bangalore
2025-07-25 11:18:43.498849,C1,5.42,Chennai
2025-07-25 11:13:43.498849,C4,9.11,Mumbai
2025-07-25 11:08:43.498849,C5,4.69,Bangalore
2025-07-25 11:03:43.498849,C1,4.2,Hyderabad
2025-07-25 10:58:43.498849,C2,2.61,Bangalore
2025-07-25 10:53:43.498849,C3,7.34,Bangalore
2025-07-25 10:48:43.498849,C2,1.72,Hyderabad
2025-07-25 10:43:43.498849,C2,10.18,Bangalore
2025-07-25 10:38:43.498849,C4,9.75,Bangalore
2025-07-25 10:33:43.498849,C2,1.15,Mumbai
2025-07-25 10:28:43.498849,C5,10.91,Hyderabad
2025-07-25 10:23:43.498849,C4,0.33,Chennai
2025-07-25 10:18:43.498849,C2,2.49,Chennai
2025-07-25 10:13:43.498849,C4,7.46,Mumbai
2025-07-25 10:08:43.498849,C5,0.75,Hyderabad
2025-07-25 10:03:43.498849,C3,9.3,Mumbai
2025-07-25 09:58:43.498849,C2,10.44,Chennai
2025-07-25 09:53:43.498849,C3,4.68,Bangalore
2025-07-25 09:48:43.498849,C3,6.51,Chennai
2025-07-25 09:43:43.498849,C1,10.55,Chennai
2025-07-25 09:38:43.498849,C1,8.91,Mumbai
2025-07-25 09:33:43.498849,C5,7.99,Mumbai
2025-07-25 09:28:43.498849,C3,3.43,Chennai
2025-07-25 09:23:43.498849,C5,2.74,Mumbai
2025-07-25 09:18:43.498849,C2,3.09,Chennai
2025-07-25 09:13:43.498849,C5,9.32,Chennai
2025-07-25 09:08:43.498849,C3,4.52,Bangalore
2025-07-25 09:03:43.498849,C2,11.88,Chennai
2025-07-25 08:58:43.498849,C5,4.72,Mumbai
2025-07-25 08:53:43.498849,C3,9.49,Hyderabad
2025-07-25 08:48:43.498849,C4,10.28,Bangalore
2025-07-25 08:43:43.498849,C3,7.04,Hyderabad
2025-07-25 08:38:43.498849,C5,10.31,Chennai
2025-07-25 08:33:43.498849,C4,8.7,Mumbai
2025-07-25 08:28:43.498849,C2,8.51,Mumbai
2025-07-25 08:23:43.498849,C3,10.21,Hyderabad
2025-07-25 08:18:43.498849,C2,11.97,Bangalore
2025-07-25 08:13:43.498849,C5,5.68,Chennai
2025-07-25 08:08:43.498849,C5,1.12,Bangalore
2025-07-25 08:03:43.498849,C5,4.73,Chennai
2025-07-25 07:58:43.498849,C5,6.74,Mumbai
2025-07-25 07:53:43.498849,C2,9.69,Bangalore
2025-07-25 07:48:43.498849,C3,1.47,Bangalore
2025-07-25 07:43:43.498849,C5,10.69,Bangalore
2025-07-25 07:38:43.498849,C3,10.54,Mumbai
2025-07-25 07:33:43.498849,C5,2.03,Chennai
2025-07-25 07:28:43.498849,C2,9.91,Mumbai
2025-07-25 07:23:43.498849,C2,3.3,Chennai
2025-07-25 07:18:43.498849,C3,4.69,Mumbai
2025-07-25 07:13:43.498849,C2,9.71,Bangalore
2025-07-25 07:08:43.498849,C4,1.03,Chennai
2025-07-25 07:03:43.498849,C4,1.33,Mumbai
2025-07-25 06:58:43.498849,C5,11.59,Mumbai
2025-07-25 06:53:43.498849,C4,9.01,Mumbai
2025-07-25 06:48:43.498849,C1,8.71,Mumbai
2025-07-25 06:43:43.498849,C5,8.56,Bangalore
2025-07-25 06:38:43.498849,C3,2.54,Mumbai
2025-07-25 06:33:43.498849,C2,11.69,Chennai
2025-07-25 06:28:43.498849,C5,9.3,Bangalore
2025-07-25 06:23:43.498849,C1,0.16,Bangalore
2025-07-25 06:18:43.498849,C1,0.58,Chennai
2025-07-25 06:13:43.498849,C4,7.85,Mumbai
2025-07-25 06:08:43.498849,C3,5.02,Mumbai
2025-07-25 06:03:43.498849,C2,5.29,Mumbai
2025-07-25 05:58:43.498849,C3,1.61,Chennai
2025-07-25 05:53:43.498849,C3,11.35,Chennai
2025-07-25 05:48:43.498849,C3,1.01,Chennai
2025-07-25 05:43:43.498849,C1,7.8,Chennai
2025-07-25 05:38:43.498849,C1,9.72,Mumbai
2025-07-25 05:33:43.498849,C3,6.56,Hyderabad
2025-07-25 05:28:43.498849,C1,10.38,Mumbai
2025-07-25 05:23:43.498849,C5,6.59,Hyderabad
2025-07-25 05:18:43.498849,C4,2.65,Chennai
2025-07-25 05:13:43.498849,C2,8.05,Bangalore
2025-07-25 05:08:43.498849,C3,4.03,Chennai
2025-07-25 05:03:43.498849,C2,2.69,Hyderabad
2025-07-25 04:58:43.498849,C1,6.89,Chennai
2025-07-25 04:53:43.498849,C5,3.66,Mumbai
2025-07-25 04:48:43.498849,C3,7.59,Hyderabad
2025-07-25 04:43:43.498849,C5,9.57,Mumbai
2025-07-25 04:38:43.498849,C1,7.18,Bangalore
2025-07-25 04:33:43.498849,C4,11.22,Mumbai
2025-07-25 04:28:43.498849,C2,10.92,Bangalore
2025-07-25 04:23:43.498849,C2,8.37,Bangalore
2025-07-25 04:18:43.498849,C5,3.01,Chennai
2025-07-25 04:13:43.498849,C1,2.45,Bangalore
2025-07-25 04:08:43.498849,C5,3.05,Hyderabad
2025-07-25 04:03:43.498849,C3,10.96,Hyderabad
2025-07-25 03:58:43.498849,C4,0.54,Mumbai
2025-07-25 03:53:43.498849,C4,6.16,Mumbai
2025-07-25 03:48:43.498849,C5,6.31,Mumbai
2025-07-25 03:43:43.498849,C5,2.92,Bangalore
2025-07-25 03:38:43.498849,C2,7.65,Bangalore
2025-07-25 03:33:43.498849,C5,0.96,Hyderabad
2025-07-25 03:28:43.498849,C3,8.99,Mumbai
2025-07-25 03:23:43.498849,C4,5.9,Hyderabad
2025-07-25 03:18:43.498849,C2,0.88,Mumbai
2025-07-25 03:13:43.498849,C2,5.01,Chennai
2025-07-25 03:08:43.498849,C4,5.22,Hyderabad
